{"sche": {"f": 0.9548872180451128, "m": 0.03007518796992481, "n": 0.015037593984962405, "total": 266}, "e": {"f": 0.86, "m": 0.0933644859813084, "n": 0.046635514018691586, "total": 10700}, "an": {"n": 0.23096446700507614, "m": 0.7309644670050761, "f": 0.03807106598984772, "total": 394}, "er": {"m": 0.8298106291997557, "f": 0.06426389737324374, "n": 0.10592547342700061, "total": 8185}, "ung": {"f": 0.9906542056074766, "m": 0.009345794392523364, "total": 4708, "n": 0}, "ief": {"m": 0.8902439024390244, "n": 0.10975609756097561, "total": 82, "f": 0}, "ieg": {"m": 0.9910714285714286, "f": 0.008928571428571428, "total": 112, "n": 0}, "ein": {"m": 0.7535070140280561, "n": 0.23847695390781562, "f": 0.008016032064128256, "total": 499}, "ug": {"m": 0.6837209302325581, "n": 0.31627906976744186, "total": 430, "f": 0}, "in": {"n": 0.054878048780487805, "f": 0.9171747967479674, "m": 0.027947154471544715, "total": 3936}, "on": {"n": 0.5238907849829352, "m": 0.38054607508532423, "f": 0.09556313993174062, "total": 586}, "al": {"n": 0.5714285714285714, "m": 0.39921722113502933, "f": 0.029354207436399216, "total": 511}, "en": {"n": 0.4605496453900709, "m": 0.5195035460992907, "f": 0.0199468085106383, "total": 2256}, "le": {"f": 0.8846153846153846, "n": 0.06787330316742081, "m": 0.04751131221719457, "total": 1326}, "che": {"f": 0.9742895805142084, "n": 0.005412719891745603, "m": 0.02029769959404601, "total": 739}, "kt": {"m": 0.8262195121951219, "n": 0.17073170731707318, "f": 0.003048780487804878, "total": 328}, "ag": {"m": 0.9844559585492227, "n": 0.012089810017271158, "f": 0.0034542314335060447, "total": 579}, "ahl": {"f": 0.734375, "n": 0.041666666666666664, "m": 0.22395833333333334, "total": 192}, "ur": {"n": 0.06904231625835189, "f": 0.8730512249443207, "m": 0.05790645879732739, "total": 449}, "end": {"f": 0.22549019607843138, "m": 0.6470588235294118, "n": 0.12745098039215685, "total": 102}, "schaft": {"f": 0.9874213836477987, "m": 0.010482180293501049, "n": 0.0020964360587002098, "total": 477}, "a": {"n": 0.13579049466537343, "f": 0.6857419980601358, "m": 0.1784675072744908, "total": 1031}, "or": {"m": 0.8931860036832413, "n": 0.09944751381215469, "f": 0.007366482504604052, "total": 543}, "uch": {"n": 0.33804809052333806, "m": 0.6577086280056577, "f": 0.004243281471004243, "total": 707}, "el": {"f": 0.2121346324180691, "m": 0.5093002657218778, "n": 0.2785651018600531, "total": 2258}, "aft": {"f": 0.6962962962962963, "m": 0.3037037037037037, "total": 135, "n": 0}, "ind": {"n": 0.639344262295082, "m": 0.36065573770491804, "total": 122, "f": 0}, "chen": {"n": 0.8770186335403727, "m": 0.11428571428571428, "f": 0.008695652173913044, "total": 805}, "ette": {"f": 0.9515151515151515, "m": 0.030303030303030304, "n": 0.01818181818181818, "total": 165}, "ach": {"f": 0.06923076923076923, "n": 0.6846153846153846, "m": 0.24615384615384617, "total": 130}, "ad": {"f": 0.030864197530864196, "m": 0.4074074074074074, "n": 0.5617283950617284, "total": 162}, "aum": {"m": 1.0, "total": 256, "f": 0, "n": 0}, "and": {"m": 0.5744047619047619, "n": 0.25892857142857145, "f": 0.16666666666666666, "total": 672}, "sch": {"m": 0.7806451612903226, "f": 0.03225806451612903, "n": 0.1870967741935484, "total": 155}, "um": {"n": 0.9457177322074789, "m": 0.045838359469240045, "f": 0.008443908323281062, "total": 829}, "ang": {"m": 0.9752321981424149, "f": 0.01238390092879257, "n": 0.01238390092879257, "total": 323}, "isch": {"m": 0.6244343891402715, "f": 0.004524886877828055, "n": 0.37104072398190047, "total": 221}, "ei": {"f": 0.848421052631579, "m": 0.06526315789473684, "n": 0.0863157894736842, "total": 475}, "au": {"f": 0.3525835866261398, "m": 0.5501519756838906, "n": 0.0972644376899696, "total": 329}, "aut": {"f": 0.25287356321839083, "m": 0.4942528735632184, "n": 0.25287356321839083, "total": 174}, "etz": {"n": 0.954954954954955, "m": 0.036036036036036036, "f": 0.009009009009009009, "total": 111}, "eif": {"m": 1.0, "total": 11, "f": 0, "n": 0}, "ich": {"m": 0.9916666666666667, "n": 0.008333333333333333, "total": 120, "f": 0}, "ehr": {"n": 0.20192307692307693, "m": 0.5673076923076923, "f": 0.23076923076923078, "total": 104}, "ar": {"f": 0.11678832116788321, "n": 0.38321167883211676, "m": 0.5, "total": 274}, "om": {"n": 0.6606334841628959, "m": 0.33031674208144796, "f": 0.00904977375565611, "total": 221}, "as": {"n": 0.6775956284153005, "m": 0.23497267759562843, "f": 0.08743169398907104, "total": 183}, "ee": {"m": 0.5299145299145299, "f": 0.32051282051282054, "n": 0.14957264957264957, "total": 234}, "ier": {"m": 0.461839530332681, "f": 0.10371819960861056, "n": 0.4344422700587084, "total": 511}, "eld": {"n": 0.9378531073446328, "m": 0.062146892655367235, "total": 177, "f": 0}, "ank": {"m": 0.48175182481751827, "f": 0.5109489051094891, "n": 0.0072992700729927005, "total": 137}, "ekt": {"n": 0.4108527131782946, "m": 0.5891472868217055, "total": 129, "f": 0}, "i": {"n": 0.2702702702702703, "m": 0.577962577962578, "f": 0.15176715176715178, "total": 481}, "us": {"m": 0.9110169491525424, "n": 0.0614406779661017, "f": 0.02754237288135593, "total": 472}, "ion": {"f": 0.9626633478531424, "n": 0.026757934038581208, "m": 0.010578718108276292, "total": 1607}, "ent": {"n": 0.529891304347826, "m": 0.4673913043478261, "f": 0.002717391304347826, "total": 368}, "keit": {"f": 0.9986187845303868, "n": 0.0013812154696132596, "total": 724, "m": 0}, "rt": {"f": 0.4198895027624309, "n": 0.13535911602209943, "m": 0.4447513812154696, "total": 362}, "ie": {"f": 0.9618272841051314, "n": 0.01376720901126408, "m": 0.024405506883604506, "total": 1598}, "echt": {"n": 0.7794117647058824, "m": 0.21323529411764705, "f": 0.007352941176470588, "total": 136}, "ien": {"n": 0.4489795918367347, "f": 0.3877551020408163, "m": 0.16326530612244897, "total": 49}, "icht": {"n": 0.42819148936170215, "m": 0.2579787234042553, "f": 0.31382978723404253, "total": 376}, "ild": {"n": 0.950354609929078, "m": 0.04964539007092199, "total": 141, "f": 0}, "heit": {"f": 0.9794871794871794, "n": 0.017948717948717947, "m": 0.002564102564102564, "total": 390}, "ik": {"f": 0.9602484472049689, "m": 0.037267080745341616, "n": 0.002484472049689441, "total": 805}, "o": {"m": 0.36881559220389803, "f": 0.09895052473763119, "n": 0.5322338830584707, "total": 667}, "eit": {"f": 0.8046875, "m": 0.171875, "n": 0.0234375, "total": 128}, "eid": {"m": 0.36065573770491804, "n": 0.6229508196721312, "f": 0.01639344262295082, "total": 61}, "ma": {"f": 0.24064171122994651, "n": 0.6951871657754011, "m": 0.06417112299465241, "total": 187}, "aus": {"n": 0.7862903225806451, "m": 0.0967741935483871, "f": 0.11693548387096774, "total": 248}, "lz": {"n": 0.5392670157068062, "f": 0.06282722513089005, "m": 0.39790575916230364, "total": 191}, "mpf": {"m": 1.0, "total": 99, "f": 0, "n": 0}, "it": {"m": 0.7576923076923077, "n": 0.23076923076923078, "f": 0.011538461538461539, "total": 260}, "t\u00e4t": {"f": 1.0, "total": 750, "m": 0, "n": 0}, "skopie": {"f": 1.0, "total": 19, "m": 0, "n": 0}, "ift": {"f": 0.6942675159235668, "m": 0.1910828025477707, "n": 0.11464968152866242, "total": 157}, "ns": {"m": 0.27058823529411763, "f": 0.36470588235294116, "n": 0.36470588235294116, "total": 85}, "acht": {"f": 0.8717948717948718, "m": 0.1282051282051282, "total": 156, "n": 0}, "ot": {"n": 0.6098654708520179, "m": 0.3183856502242152, "f": 0.07174887892376682, "total": 223}, "zeit": {"f": 1.0, "total": 217, "m": 0, "n": 0}, "nst": {"m": 0.6258992805755396, "f": 0.302158273381295, "n": 0.07194244604316546, "total": 139}, "ied": {"n": 0.7431192660550459, "m": 0.23853211009174313, "f": 0.01834862385321101, "total": 109}, "amm": {"n": 0.6707317073170732, "m": 0.3231707317073171, "f": 0.006097560975609756, "total": 164}, "ern": {"m": 0.7663551401869159, "n": 0.21495327102803738, "f": 0.018691588785046728, "total": 107}, "atz": {"m": 0.9847560975609756, "f": 0.012195121951219513, "n": 0.003048780487804878, "total": 328}, "ub": {"m": 0.941747572815534, "n": 0.05825242718446602, "total": 103, "f": 0},